VentaID,FechaVenta,ProductoID,CantidadVendida,PrecioUnitario,CostoUnitario,ClienteID,FactorAjuste
898,2023-01-01,Prod_12,2,102.68,163.68,Cliente_18,0.98
285,2023-01-02,Prod_14,1,406.63,177.25,Cliente_96,1.05
368,2023-01-02,Prod_5,8,176.15,57.46,Cliente_32,1.04
91,2023-01-02,Prod_11,5,109.26,291.56,Cliente_80,0.93
579,2023-01-05,Prod_2,5,77.28,249.44,Cliente_69,1.09
180,2023-01-05,Prod_20,2,496.07,191.29,Cliente_99,0.97
958,2023-01-08,Prod_2,3,164.01,280.16,Cliente_67,0.98
835,2023-01-09,Prod_15,5,235.24,113.68,Cliente_51,1.09
376,2023-01-09,Prod_8,5,52.74,138.44,Cliente_98,0.96
996,2023-01-10,Prod_16,7,403.94,45.01,Cliente_79,1.0
717,2023-01-12,Prod_20,8,258.48,359.57,Cliente_71,0.92
948,2023-01-12,Prod_12,9,317.66,253.5,Cliente_30,1.04
69,2023-01-14,Prod_20,7,149.1,227.74,Cliente_42,1.02
189,2023-01-15,Prod_4,7,147.22,333.85,Cliente_46,1.01
131,2023-01-15,Prod_15,7,445.94,160.4,Cliente_53,0.99
685,2023-01-16,Prod_5,7,373.62,385.66,Cliente_18,0.95
465,2023-01-17,Prod_15,9,499.76,313.56,Cliente_79,0.92
496,2023-01-18,Prod_3,5,88.4,91.87,Cliente_20,1.02
785,2023-01-19,Prod_8,8,120.8,379.77,Cliente_1,0.99
539,2023-01-20,Prod_12,2,445.66,139.0,Cliente_54,1.01
8,2023-01-21,Prod_11,4,154.74,302.16,Cliente_29,1.05
62,2023-01-21,Prod_6,7,178.38,306.47,Cliente_38,1.08
35,2023-01-22,Prod_13,8,329.61,166.23,Cliente_43,1.08
437,2023-01-22,Prod_18,4,422.02,148.24,Cliente_87,0.94
668,2023-01-23,Prod_10,9,496.6,146.2,Cliente_82,1.05
808,2023-01-25,Prod_10,7,243.32,93.43,Cliente_94,1.02
447,2023-01-27,Prod_3,2,353.81,305.64,Cliente_55,0.94
225,2023-01-28,Prod_14,5,95.57,374.76,Cliente_94,0.97
154,2023-01-28,Prod_17,2,442.22,271.74,Cliente_4,0.94
853,2023-01-29,Prod_3,2,403.37,396.11,Cliente_18,1.02
430,2023-02-02,Prod_8,2,453.08,239.11,Cliente_99,0.92
160,2023-02-02,Prod_4,8,318.34,184.6,Cliente_1,1.07
84,2023-02-04,Prod_2,8,124.17,315.07,Cliente_12,0.94
724,2023-02-04,Prod_9,3,315.69,210.18,Cliente_68,0.91
210,2023-02-05,Prod_8,9,226.84,346.09,Cliente_90,1.02
537,2023-02-05,Prod_5,9,348.35,125.69,Cliente_25,1.02
374,2023-02-06,Prod_19,1,309.67,316.61,Cliente_68,0.91
476,2023-02-06,Prod_14,4,133.71,309.9,Cliente_40,0.91
766,2023-02-06,Prod_6,1,302.04,325.89,Cliente_79,1.03
440,2023-02-07,Prod_18,9,439.95,148.31,Cliente_16,0.91
882,2023-02-08,Prod_17,9,243.67,267.8,Cliente_77,0.95
523,2023-02-08,Prod_14,2,435.71,93.08,Cliente_62,0.9
817,2023-02-08,Prod_7,9,413.96,296.46,Cliente_43,1.01
970,2023-02-10,Prod_14,5,404.32,129.54,Cliente_37,1.08
153,2023-02-10,Prod_7,7,68.25,166.92,Cliente_34,0.92
129,2023-02-10,Prod_3,2,418.19,288.52,Cliente_51,0.98
820,2023-02-11,Prod_14,2,192.45,230.05,Cliente_58,0.97
713,2023-02-12,Prod_7,5,398.26,36.36,Cliente_20,0.93
470,2023-02-15,Prod_14,5,264.19,287.55,Cliente_91,0.9
651,2023-02-16,Prod_5,3,231.24,89.42,Cliente_15,0.9
587,2023-02-16,Prod_11,9,185.86,72.09,Cliente_4,1.04
933,2023-02-16,Prod_18,9,365.39,157.85,Cliente_55,1.03
161,2023-02-17,Prod_10,9,297.31,314.24,Cliente_71,1.01
463,2023-02-18,Prod_19,2,263.93,244.18,Cliente_18,1.1
556,2023-02-20,Prod_19,7,157.62,21.91,Cliente_48,0.95
576,2023-02-22,Prod_17,3,201.8,187.22,Cliente_15,1.07
297,2023-02-22,Prod_8,5,67.09,280.57,Cliente_79,0.96
121,2023-02-22,Prod_15,1,258.28,395.9,Cliente_17,1.06
571,2023-02-23,Prod_20,8,457.89,155.57,Cliente_9,1.04
385,2023-02-23,Prod_19,6,369.55,158.25,Cliente_45,1.07
604,2023-02-27,Prod_17,5,497.74,51.44,Cliente_37,0.95
890,2023-02-27,Prod_5,1,303.65,386.25,Cliente_23,1.09
913,2023-02-27,Prod_12,2,149.22,89.71,Cliente_76,1.03
616,2023-02-27,Prod_6,4,463.72,254.44,Cliente_23,1.07
41,2023-02-28,Prod_8,5,148.3,319.98,Cliente_26,0.96
778,2023-03-03,Prod_18,9,432.71,33.65,Cliente_98,0.96
141,2023-03-04,Prod_15,8,447.02,59.4,Cliente_41,1.0
133,2023-03-06,Prod_14,2,63.35,152.98,Cliente_38,0.97
805,2023-03-10,Prod_13,4,367.79,118.57,Cliente_78,1.01
650,2023-03-10,Prod_3,8,160.61,234.96,Cliente_68,1.04
870,2023-03-11,Prod_13,1,83.32,265.05,Cliente_60,1.02
6,2023-03-13,Prod_15,3,391.66,230.28,Cliente_70,1.0
836,2023-03-15,Prod_5,4,470.75,390.89,Cliente_37,1.03
742,2023-03-16,Prod_3,1,418.11,70.31,Cliente_37,0.9
792,2023-03-17,Prod_8,3,267.13,22.38,Cliente_82,1.07
640,2023-03-17,Prod_3,2,402.99,49.05,Cliente_64,0.96
921,2023-03-21,Prod_12,8,197.17,203.43,Cliente_27,0.93
86,2023-03-22,Prod_2,7,476.65,345.78,Cliente_51,1.01
282,2023-03-22,Prod_8,2,380.56,230.78,Cliente_69,0.92
216,2023-03-27,Prod_4,5,392.86,185.84,Cliente_86,1.08
645,2023-03-27,Prod_14,7,413.64,231.78,Cliente_60,1.07
15,2023-03-29,Prod_1,6,126.09,260.24,Cliente_91,0.91
962,2023-03-31,Prod_13,5,242.37,67.98,Cliente_44,1.08
727,2023-03-31,Prod_6,6,375.41,228.04,Cliente_7,0.95
878,2023-04-01,Prod_14,8,317.91,116.36,Cliente_13,0.97
76,2023-04-02,Prod_5,9,480.12,186.86,Cliente_47,1.08
549,2023-04-02,Prod_17,1,471.82,111.2,Cliente_34,0.99
652,2023-04-04,Prod_11,6,452.59,73.05,Cliente_89,0.98
621,2023-04-06,Prod_9,8,423.23,304.3,Cliente_69,0.91
200,2023-04-06,Prod_11,3,151.83,313.99,Cliente_94,1.04
761,2023-04-06,Prod_8,3,266.84,188.06,Cliente_23,0.99
757,2023-04-09,Prod_12,1,171.06,368.44,Cliente_31,0.91
473,2023-04-09,Prod_4,7,396.85,289.09,Cliente_82,0.99
378,2023-04-09,Prod_11,6,441.02,86.21,Cliente_26,1.1
167,2023-04-09,Prod_4,5,340.74,290.86,Cliente_8,1.1
483,2023-04-09,Prod_19,4,341.47,66.89,Cliente_91,1.0
806,2023-04-09,Prod_19,2,290.43,53.28,Cliente_89,0.92
402,2023-04-09,Prod_17,4,134.53,281.07,Cliente_35,0.91
673,2023-04-10,Prod_3,9,456.01,214.67,Cliente_17,1.02
17,2023-04-10,Prod_6,3,220.78,123.17,Cliente_84,1.09
580,2023-04-13,Prod_9,6,360.5,347.99,Cliente_5,0.95
1,2023-04-13,Prod_13,2,146.99,189.56,Cliente_1,1.01
517,2023-04-14,Prod_8,1,228.94,146.24,Cliente_24,1.06
395,2023-04-14,Prod_20,2,429.0,310.76,Cliente_47,0.95
94,2023-04-16,Prod_16,1,486.84,284.96,Cliente_54,0.97
596,2023-04-16,Prod_12,9,131.14,240.94,Cliente_94,0.96
5,2023-04-17,Prod_18,3,233.74,188.46,Cliente_84,0.96
818,2023-04-19,Prod_2,5,354.72,204.07,Cliente_17,1.06
399,2023-04-22,Prod_7,3,146.58,198.93,Cliente_55,0.93
268,2023-04-23,Prod_11,9,369.06,195.24,Cliente_14,0.91
278,2023-04-23,Prod_13,3,117.73,40.67,Cliente_22,1.02
284,2023-04-23,Prod_8,4,196.62,327.9,Cliente_53,0.92
734,2023-04-25,Prod_20,7,136.0,290.88,Cliente_87,1.05
486,2023-04-26,Prod_4,7,66.17,344.13,Cliente_9,1.08
911,2023-04-27,Prod_7,9,293.9,63.11,Cliente_9,1.04
609,2023-04-27,Prod_12,7,336.44,157.39,Cliente_2,1.04
623,2023-04-28,Prod_15,3,209.77,113.57,Cliente_89,0.97
600,2023-04-30,Prod_12,4,266.6,285.88,Cliente_13,0.98
386,2023-04-30,Prod_8,4,350.08,92.48,Cliente_13,0.94
959,2023-05-02,Prod_1,9,494.45,363.03,Cliente_56,1.02
10,2023-05-02,Prod_13,7,76.59,351.6,Cliente_33,0.93
308,2023-05-03,Prod_20,3,389.58,245.75,Cliente_84,1.0
324,2023-05-04,Prod_1,3,412.97,96.21,Cliente_71,1.08
561,2023-05-05,Prod_17,7,399.62,87.33,Cliente_18,1.03
883,2023-05-06,Prod_12,8,363.11,316.75,Cliente_43,1.08
612,2023-05-07,Prod_8,8,478.86,105.98,Cliente_23,1.05
495,2023-05-08,Prod_2,6,310.63,367.69,Cliente_87,0.93
138,2023-05-09,Prod_19,4,124.34,161.83,Cliente_22,0.94
296,2023-05-10,Prod_8,6,256.31,192.85,Cliente_29,0.96
382,2023-05-11,Prod_14,7,159.0,170.37,Cliente_24,0.98
20,2023-05-11,Prod_5,8,107.98,363.35,Cliente_39,0.91
58,2023-05-11,Prod_19,8,495.06,304.77,Cliente_26,0.99
868,2023-05-12,Prod_17,3,142.0,272.84,Cliente_55,0.93
826,2023-05-13,Prod_13,1,432.81,298.88,Cliente_94,1.02
912,2023-05-14,Prod_3,8,472.84,398.83,Cliente_47,1.04
155,2023-05-15,Prod_7,2,165.51,151.85,Cliente_17,0.9
426,2023-05-15,Prod_19,2,135.07,206.49,Cliente_52,1.0
142,2023-05-19,Prod_14,2,351.92,38.49,Cliente_74,0.94
937,2023-05-23,Prod_6,5,72.51,324.08,Cliente_30,1.05
548,2023-05-23,Prod_13,8,369.56,82.66,Cliente_18,0.97
321,2023-05-24,Prod_10,5,249.56,324.03,Cliente_60,0.98
803,2023-05-24,Prod_5,9,301.54,104.28,Cliente_2,0.99
815,2023-05-24,Prod_13,5,152.03,350.84,Cliente_16,0.9
363,2023-05-24,Prod_12,8,447.99,361.33,Cliente_57,1.04
976,2023-05-25,Prod_17,2,290.76,76.32,Cliente_53,0.93
338,2023-05-27,Prod_2,8,393.17,229.71,Cliente_50,0.91
339,2023-05-28,Prod_19,2,468.17,319.98,Cliente_12,0.97
920,2023-05-29,Prod_17,2,384.27,339.97,Cliente_88,1.1
562,2023-05-30,Prod_7,1,142.24,131.82,Cliente_60,1.0
814,2023-05-31,Prod_14,7,478.61,271.86,Cliente_35,1.07
356,2023-05-31,Prod_13,4,203.8,27.8,Cliente_43,1.08
384,2023-06-01,Prod_1,5,115.34,127.13,Cliente_94,0.99
403,2023-06-02,Prod_11,2,373.91,270.07,Cliente_53,1.02
641,2023-06-03,Prod_18,5,219.64,360.44,Cliente_69,0.95
512,2023-06-04,Prod_18,2,457.73,183.82,Cliente_66,1.09
130,2023-06-06,Prod_20,9,289.22,162.3,Cliente_47,1.03
468,2023-06-07,Prod_3,9,223.3,308.96,Cliente_57,0.94
375,2023-06-09,Prod_14,9,363.99,135.38,Cliente_46,0.98
693,2023-06-09,Prod_18,8,430.63,231.4,Cliente_24,1.06
212,2023-06-09,Prod_13,5,280.26,183.01,Cliente_70,0.98
492,2023-06-10,Prod_20,6,73.49,147.68,Cliente_45,0.99
416,2023-06-10,Prod_20,6,462.56,350.45,Cliente_82,0.97
32,2023-06-10,Prod_1,5,364.69,194.49,Cliente_52,0.94
102,2023-06-11,Prod_3,1,51.31,214.01,Cliente_92,0.95
827,2023-06-12,Prod_3,3,491.86,151.69,Cliente_6,1.05
411,2023-06-12,Prod_11,1,155.59,358.16,Cliente_43,1.0
854,2023-06-14,Prod_20,1,320.5,31.41,Cliente_71,0.93
877,2023-06-16,Prod_15,8,114.77,218.97,Cliente_56,0.96
64,2023-06-16,Prod_2,5,170.5,278.01,Cliente_43,1.04
711,2023-06-17,Prod_13,3,71.44,54.72,Cliente_72,0.93
845,2023-06-17,Prod_10,9,82.45,73.62,Cliente_64,0.91
846,2023-06-19,Prod_1,7,142.43,227.32,Cliente_86,1.05
208,2023-06-20,Prod_15,8,216.52,333.24,Cliente_90,1.01
466,2023-06-21,Prod_8,7,97.16,286.95,Cliente_97,1.04
885,2023-06-22,Prod_16,2,91.44,248.94,Cliente_61,1.03
917,2023-06-22,Prod_15,7,146.6,30.58,Cliente_51,1.08
843,2023-06-23,Prod_12,8,200.06,352.54,Cliente_100,1.04
522,2023-06-25,Prod_11,4,109.18,268.29,Cliente_35,1.01
786,2023-06-26,Prod_13,9,103.49,317.01,Cliente_34,0.99
966,2023-06-27,Prod_7,3,439.34,209.61,Cliente_52,0.94
675,2023-06-29,Prod_14,4,488.47,36.74,Cliente_45,1.01
481,2023-06-30,Prod_7,7,441.39,197.97,Cliente_48,0.99
876,2023-07-01,Prod_2,6,360.4,249.21,Cliente_88,0.96
307,2023-07-03,Prod_10,2,92.15,56.07,Cliente_8,1.01
821,2023-07-05,Prod_17,5,417.38,102.18,Cliente_2,1.02
325,2023-07-06,Prod_6,9,264.42,102.17,Cliente_15,1.02
126,2023-07-07,Prod_1,8,175.02,46.6,Cliente_45,1.07
631,2023-07-08,Prod_7,8,189.5,30.36,Cliente_13,1.04
237,2023-07-09,Prod_5,4,111.11,25.21,Cliente_44,1.09
48,2023-07-09,Prod_12,7,421.04,66.17,Cliente_56,0.93
902,2023-07-09,Prod_16,8,472.58,378.36,Cliente_86,1.03
764,2023-07-09,Prod_2,5,334.47,282.35,Cliente_78,0.99
560,2023-07-09,Prod_4,9,302.58,123.76,Cliente_30,0.9
487,2023-07-10,Prod_18,2,227.63,372.79,Cliente_57,0.97
904,2023-07-10,Prod_14,8,397.54,271.23,Cliente_68,0.92
462,2023-07-11,Prod_3,2,171.04,318.61,Cliente_77,1.04
754,2023-07-11,Prod_9,1,236.51,357.11,Cliente_14,1.1
29,2023-07-11,Prod_14,5,368.46,177.52,Cliente_57,1.06
851,2023-07-13,Prod_12,6,102.29,51.17,Cliente_38,1.09
427,2023-07-14,Prod_17,4,402.36,174.49,Cliente_49,0.98
737,2023-07-15,Prod_3,4,338.29,108.88,Cliente_42,0.97
581,2023-07-15,Prod_2,8,360.54,332.55,Cliente_20,0.97
316,2023-07-17,Prod_1,4,463.43,246.78,Cliente_87,1.09
323,2023-07-20,Prod_10,4,316.13,67.58,Cliente_77,1.03
977,2023-07-20,Prod_8,9,114.97,55.0,Cliente_16,0.96
156,2023-07-20,Prod_12,1,349.38,168.49,Cliente_4,0.91
103,2023-07-21,Prod_18,1,67.89,331.83,Cliente_54,0.99
306,2023-07-22,Prod_8,5,280.81,301.41,Cliente_8,1.07
924,2023-07-22,Prod_9,1,413.24,295.22,Cliente_65,1.1
656,2023-07-23,Prod_15,9,495.54,124.79,Cliente_14,0.96
85,2023-07-25,Prod_6,4,126.76,252.31,Cliente_43,1.05
188,2023-07-26,Prod_16,9,413.61,220.92,Cliente_48,1.04
381,2023-07-27,Prod_5,8,428.93,394.01,Cliente_80,1.1
923,2023-08-01,Prod_4,1,87.94,275.68,Cliente_72,1.03
828,2023-08-03,Prod_16,3,332.6,174.93,Cliente_81,1.04
12,2023-08-03,Prod_2,7,342.85,102.1,Cliente_60,0.92
124,2023-08-05,Prod_17,5,228.56,36.28,Cliente_30,1.05
772,2023-08-05,Prod_5,7,121.56,335.46,Cliente_8,1.0
866,2023-08-05,Prod_2,8,135.42,189.65,Cliente_33,1.03
658,2023-08-06,Prod_4,8,272.6,26.37,Cliente_83,0.96
181,2023-08-06,Prod_2,6,419.01,384.23,Cliente_47,1.07
287,2023-08-08,Prod_6,2,378.87,36.09,Cliente_74,1.09
649,2023-08-08,Prod_2,1,164.22,366.9,Cliente_88,0.91
888,2023-08-08,Prod_6,3,366.71,129.38,Cliente_79,1.09
467,2023-08-08,Prod_2,3,274.36,253.8,Cliente_21,0.96
676,2023-08-11,Prod_20,6,62.38,283.47,Cliente_77,1.03
824,2023-08-11,Prod_8,5,190.79,366.11,Cliente_39,1.05
292,2023-08-13,Prod_1,1,109.57,280.45,Cliente_3,1.03
238,2023-08-13,Prod_10,5,94.69,50.48,Cliente_54,1.08
255,2023-08-13,Prod_5,4,323.09,276.93,Cliente_93,1.0
448,2023-08-14,Prod_10,4,102.21,256.92,Cliente_86,0.93
398,2023-08-15,Prod_2,1,65.15,218.65,Cliente_77,0.99
928,2023-08-15,Prod_8,5,247.27,171.2,Cliente_71,1.06
926,2023-08-17,Prod_16,8,417.76,260.7,Cliente_24,1.04
841,2023-08-18,Prod_4,1,210.13,62.23,Cliente_66,1.02
441,2023-08-18,Prod_6,6,307.31,395.64,Cliente_28,1.09
236,2023-08-19,Prod_10,2,289.36,174.28,Cliente_52,0.97
205,2023-08-19,Prod_6,3,94.49,120.32,Cliente_71,1.05
152,2023-08-19,Prod_10,7,423.31,291.03,Cliente_60,0.99
266,2023-08-21,Prod_8,6,210.28,207.78,Cliente_16,0.92
934,2023-08-21,Prod_18,7,141.81,227.74,Cliente_60,0.99
377,2023-08-21,Prod_9,4,95.42,21.19,Cliente_67,0.96
790,2023-08-21,Prod_19,6,297.19,158.36,Cliente_93,0.95
257,2023-08-22,Prod_18,6,63.92,239.96,Cliente_22,0.91
830,2023-08-23,Prod_19,5,123.27,85.09,Cliente_69,0.97
627,2023-08-25,Prod_17,9,485.17,317.18,Cliente_55,0.96
198,2023-08-29,Prod_2,7,437.78,393.66,Cliente_66,0.99
999,2023-08-30,Prod_3,4,374.25,141.61,Cliente_68,1.04
70,2023-08-30,Prod_6,9,269.77,238.66,Cliente_92,0.95
215,2023-08-31,Prod_6,6,70.15,299.77,Cliente_24,1.05
55,2023-09-01,Prod_14,5,444.77,112.62,Cliente_55,0.97
521,2023-09-03,Prod_9,5,148.91,246.97,Cliente_88,1.09
638,2023-09-04,Prod_20,6,321.38,361.14,Cliente_75,0.95
303,2023-09-04,Prod_3,2,65.51,336.84,Cliente_93,1.01
1000,2023-09-08,Prod_9,9,421.92,201.06,Cliente_78,1.05
113,2023-09-09,Prod_12,1,263.43,202.12,Cliente_83,1.08
871,2023-09-09,Prod_9,7,322.47,28.94,Cliente_70,1.05
36,2023-09-10,Prod_4,2,301.63,205.96,Cliente_83,1.08
987,2023-09-10,Prod_12,3,62.74,105.78,Cliente_64,0.93
488,2023-09-10,Prod_2,5,468.86,398.63,Cliente_31,1.02
721,2023-09-10,Prod_10,3,226.32,110.11,Cliente_63,1.03
840,2023-09-10,Prod_18,7,161.21,66.4,Cliente_57,1.02
665,2023-09-11,Prod_12,8,249.96,114.91,Cliente_16,1.02
371,2023-09-11,Prod_10,4,187.76,254.54,Cliente_84,0.94
397,2023-09-11,Prod_6,9,148.67,26.01,Cliente_76,0.96
991,2023-09-13,Prod_20,6,55.17,50.79,Cliente_23,0.91
493,2023-09-13,Prod_11,7,356.99,196.96,Cliente_77,0.96
689,2023-09-15,Prod_13,5,427.85,224.36,Cliente_25,1.07
943,2023-09-16,Prod_8,5,460.03,318.21,Cliente_41,0.95
247,2023-09-16,Prod_9,9,425.97,22.03,Cliente_33,1.01
361,2023-09-20,Prod_8,7,419.87,390.64,Cliente_60,1.05
575,2023-09-21,Prod_11,7,476.33,60.68,Cliente_16,0.98
793,2023-09-22,Prod_1,7,278.0,43.52,Cliente_71,1.08
273,2023-09-25,Prod_5,1,423.81,157.72,Cliente_51,1.07
707,2023-09-25,Prod_6,1,445.77,196.55,Cliente_54,1.01
593,2023-09-26,Prod_18,4,467.9,37.19,Cliente_67,0.97
106,2023-09-27,Prod_5,6,157.49,25.08,Cliente_23,1.08
4,2023-09-28,Prod_1,9,393.42,371.33,Cliente_29,0.93
109,2023-09-28,Prod_6,2,262.84,25.89,Cliente_26,1.09
630,2023-09-29,Prod_15,5,397.89,63.97,Cliente_25,0.98
776,2023-09-30,Prod_13,1,104.91,126.36,Cliente_47,1.04
65,2023-10-01,Prod_18,6,405.12,176.51,Cliente_19,0.91
420,2023-10-04,Prod_8,9,446.9,301.81,Cliente_92,1.08
449,2023-10-04,Prod_10,9,69.03,248.11,Cliente_85,0.96
31,2023-10-04,Prod_14,4,421.72,132.46,Cliente_92,1.03
747,2023-10-04,Prod_4,7,499.79,399.1,Cliente_5,1.1
771,2023-10-06,Prod_6,4,251.97,109.3,Cliente_36,0.97
312,2023-10-07,Prod_20,1,285.1,367.96,Cliente_85,0.98
477,2023-10-07,Prod_16,7,298.43,37.27,Cliente_51,1.06
241,2023-10-10,Prod_13,8,236.37,26.52,Cliente_7,1.05
446,2023-10-10,Prod_7,5,471.34,243.79,Cliente_72,0.96
452,2023-10-11,Prod_2,2,429.91,108.18,Cliente_25,0.95
647,2023-10-12,Prod_12,6,281.61,337.14,Cliente_62,1.04
715,2023-10-12,Prod_4,4,421.15,171.33,Cliente_86,1.01
506,2023-10-15,Prod_20,5,427.22,345.47,Cliente_75,1.0
148,2023-10-16,Prod_3,5,374.63,277.44,Cliente_52,1.08
664,2023-10-16,Prod_10,4,75.97,138.48,Cliente_89,1.03
311,2023-10-21,Prod_1,9,271.14,107.7,Cliente_51,1.09
115,2023-10-23,Prod_2,3,291.65,302.37,Cliente_36,1.05
359,2023-10-25,Prod_1,7,52.55,154.4,Cliente_18,0.93
867,2023-10-28,Prod_4,6,311.98,255.13,Cliente_28,0.95
480,2023-10-29,Prod_10,5,217.02,274.61,Cliente_50,1.08
719,2023-10-29,Prod_13,2,180.51,23.06,Cliente_1,1.07
370,2023-10-31,Prod_8,5,61.02,288.54,Cliente_96,1.09
935,2023-11-01,Prod_14,1,344.3,339.13,Cliente_99,0.99
566,2023-11-01,Prod_15,8,431.24,195.71,Cliente_15,1.07
22,2023-11-05,Prod_3,3,411.06,334.97,Cliente_19,0.98
563,2023-11-10,Prod_8,3,376.53,63.62,Cliente_88,0.99
34,2023-11-10,Prod_13,4,491.81,294.33,Cliente_86,1.09
68,2023-11-12,Prod_2,8,163.54,144.47,Cliente_46,0.91
965,2023-11-12,Prod_20,6,200.12,195.05,Cliente_1,1.1
253,2023-11-14,Prod_3,8,295.42,262.56,Cliente_68,1.02
540,2023-11-17,Prod_10,1,354.01,342.82,Cliente_73,1.04
494,2023-11-19,Prod_10,5,260.67,313.88,Cliente_49,1.09
501,2023-11-19,Prod_6,6,294.71,41.1,Cliente_66,0.91
683,2023-11-21,Prod_7,4,151.2,186.51,Cliente_6,1.0
326,2023-11-22,Prod_13,8,498.26,282.66,Cliente_71,0.93
865,2023-11-23,Prod_14,8,299.97,185.06,Cliente_32,0.93
949,2023-11-26,Prod_14,4,217.49,240.85,Cliente_18,0.95
13,2023-11-27,Prod_9,3,443.4,327.54,Cliente_35,0.98
231,2023-11-27,Prod_11,3,97.37,135.53,Cliente_29,0.99
687,2023-12-02,Prod_17,8,242.38,305.01,Cliente_6,0.93
408,2023-12-04,Prod_6,6,336.69,178.14,Cliente_88,0.98
348,2023-12-04,Prod_8,6,287.86,394.42,Cliente_43,1.01
119,2023-12-04,Prod_9,5,429.77,191.18,Cliente_30,1.07
856,2023-12-05,Prod_7,5,196.36,211.76,Cliente_97,0.94
75,2023-12-06,Prod_17,1,79.11,374.59,Cliente_52,0.92
228,2023-12-06,Prod_11,5,428.78,22.17,Cliente_9,1.06
661,2023-12-07,Prod_1,5,335.95,179.89,Cliente_30,1.04
782,2023-12-08,Prod_3,6,113.98,23.68,Cliente_32,1.02
861,2023-12-08,Prod_15,2,489.7,212.69,Cliente_82,0.93
565,2023-12-08,Prod_2,3,453.23,318.0,Cliente_95,1.01
137,2023-12-10,Prod_14,7,468.24,340.08,Cliente_7,1.01
24,2023-12-10,Prod_5,3,58.1,218.21,Cliente_45,0.93
335,2023-12-12,Prod_4,5,487.19,274.34,Cliente_72,0.99
72,2023-12-12,Prod_15,2,286.36,379.14,Cliente_99,0.92
364,2023-12-12,Prod_12,4,365.02,315.19,Cliente_92,0.97
606,2023-12-12,Prod_10,1,226.34,316.4,Cliente_73,1.04
234,2023-12-14,Prod_6,6,152.82,358.85,Cliente_15,0.96
901,2023-12-14,Prod_12,3,145.89,196.35,Cliente_70,0.93
960,2023-12-14,Prod_1,2,181.17,338.16,Cliente_19,0.92
328,2023-12-15,Prod_4,6,51.43,255.22,Cliente_41,0.94
478,2023-12-15,Prod_18,8,237.11,265.71,Cliente_42,0.9
586,2023-12-16,Prod_1,9,237.04,380.96,Cliente_13,1.01
550,2023-12-20,Prod_14,1,321.48,289.85,Cliente_89,1.06
667,2023-12-23,Prod_3,2,329.92,255.31,Cliente_72,0.93
953,2023-12-24,Prod_1,9,272.08,371.23,Cliente_87,1.03
248,2023-12-25,Prod_17,7,216.68,376.6,Cliente_59,1.05
896,2023-12-27,Prod_3,7,50.91,22.05,Cliente_67,0.93
859,2023-12-31,Prod_6,9,55.17,153.69,Cliente_4,1.08
442,2023-12-31,Prod_19,9,458.24,29.59,Cliente_35,1.0
77,2024-01-02,Prod_4,9,61.31,392.57,Cliente_7,0.9
802,2024-01-02,Prod_7,2,93.88,82.07,Cliente_54,1.07
768,2024-01-04,Prod_5,5,368.82,80.66,Cliente_27,1.01
906,2024-01-04,Prod_8,4,218.1,115.41,Cliente_52,1.08
594,2024-01-05,Prod_5,9,392.38,102.81,Cliente_63,0.96
940,2024-01-08,Prod_1,4,210.19,343.61,Cliente_75,0.93
16,2024-01-08,Prod_16,2,225.39,161.94,Cliente_76,0.95
957,2024-01-08,Prod_1,6,281.12,36.14,Cliente_22,1.03
471,2024-01-08,Prod_11,9,99.94,375.37,Cliente_45,1.05
262,2024-01-09,Prod_12,7,289.52,255.04,Cliente_25,1.0
436,2024-01-10,Prod_15,6,468.9,359.71,Cliente_77,1.08
744,2024-01-11,Prod_13,4,172.15,255.35,Cliente_81,1.05
240,2024-01-12,Prod_2,3,466.54,25.98,Cliente_3,0.97
149,2024-01-14,Prod_19,6,438.3,308.23,Cliente_33,1.01
700,2024-01-15,Prod_15,8,164.89,56.38,Cliente_38,0.99
127,2024-01-15,Prod_8,2,417.51,297.11,Cliente_79,0.98
798,2024-01-19,Prod_13,9,105.97,215.01,Cliente_38,1.08
293,2024-01-20,Prod_15,7,316.86,29.49,Cliente_83,0.99
239,2024-01-20,Prod_12,4,143.99,138.63,Cliente_18,1.0
28,2024-01-21,Prod_17,1,107.35,195.5,Cliente_60,0.98
276,2024-01-21,Prod_14,2,312.34,371.52,Cliente_58,0.91
514,2024-01-21,Prod_17,4,376.19,127.46,Cliente_3,1.01
277,2024-01-22,Prod_4,8,499.87,260.02,Cliente_45,0.99
899,2024-01-22,Prod_18,3,252.09,74.49,Cliente_7,1.06
90,2024-01-23,Prod_16,1,354.39,104.32,Cliente_88,0.94
66,2024-01-23,Prod_15,9,308.01,306.37,Cliente_64,1.04
988,2024-01-25,Prod_8,8,144.51,168.16,Cliente_43,1.1
92,2024-01-25,Prod_19,4,155.38,354.99,Cliente_13,1.08
425,2024-01-27,Prod_19,3,96.24,344.62,Cliente_28,0.99
145,2024-01-27,Prod_13,7,183.53,228.25,Cliente_7,1.09
613,2024-01-28,Prod_17,9,285.14,360.37,Cliente_40,0.94
519,2024-01-28,Prod_13,4,254.71,35.77,Cliente_18,0.92
187,2024-01-28,Prod_6,2,459.56,105.52,Cliente_39,0.93
847,2024-01-28,Prod_18,6,221.65,60.12,Cliente_22,1.07
750,2024-01-29,Prod_2,9,393.12,183.77,Cliente_3,1.03
788,2024-01-31,Prod_1,5,351.97,114.19,Cliente_79,1.03
807,2024-01-31,Prod_10,1,293.33,54.17,Cliente_56,1.05
783,2024-02-01,Prod_8,9,146.03,346.02,Cliente_94,1.07
716,2024-02-01,Prod_8,4,282.05,188.68,Cliente_59,0.99
184,2024-02-02,Prod_5,3,251.98,222.64,Cliente_4,1.07
823,2024-02-02,Prod_17,7,81.9,132.63,Cliente_85,0.91
419,2024-02-02,Prod_20,4,121.38,374.28,Cliente_92,1.0
543,2024-02-04,Prod_2,5,322.77,225.58,Cliente_19,1.02
309,2024-02-05,Prod_15,6,271.37,287.0,Cliente_47,0.92
428,2024-02-05,Prod_13,2,371.77,363.21,Cliente_37,1.09
932,2024-02-06,Prod_8,3,351.8,29.38,Cliente_57,0.98
99,2024-02-06,Prod_8,5,171.03,68.41,Cliente_49,1.02
334,2024-02-07,Prod_15,5,63.86,170.47,Cliente_80,1.05
294,2024-02-07,Prod_2,5,319.6,85.14,Cliente_10,1.0
383,2024-02-08,Prod_4,1,265.22,291.77,Cliente_48,1.06
163,2024-02-11,Prod_9,1,231.91,225.83,Cliente_50,1.05
204,2024-02-11,Prod_17,1,391.71,196.32,Cliente_53,0.91
955,2024-02-12,Prod_8,6,404.05,68.55,Cliente_79,1.06
531,2024-02-12,Prod_10,5,203.81,193.14,Cliente_16,1.01
907,2024-02-13,Prod_15,5,72.72,267.16,Cliente_29,1.06
251,2024-02-15,Prod_15,8,249.86,168.43,Cliente_68,1.09
743,2024-02-17,Prod_6,6,163.77,165.26,Cliente_59,1.04
26,2024-02-18,Prod_10,1,62.23,356.06,Cliente_13,0.92
938,2024-02-19,Prod_11,5,460.18,347.94,Cliente_93,1.09
357,2024-02-19,Prod_8,5,334.81,334.11,Cliente_78,0.98
872,2024-02-19,Prod_7,5,282.56,183.26,Cliente_62,0.96
302,2024-02-20,Prod_6,9,260.05,242.11,Cliente_77,1.02
710,2024-02-21,Prod_11,4,422.04,128.57,Cliente_59,1.06
733,2024-02-22,Prod_3,1,73.36,334.83,Cliente_44,0.92
147,2024-02-23,Prod_6,6,479.31,153.08,Cliente_91,1.0
393,2024-02-24,Prod_9,9,59.91,68.02,Cliente_74,0.99
745,2024-02-24,Prod_15,4,106.41,192.67,Cliente_99,1.07
855,2024-02-26,Prod_12,5,495.66,188.92,Cliente_65,1.04
394,2024-02-26,Prod_3,5,312.47,233.77,Cliente_45,1.05
705,2024-03-02,Prod_5,9,213.96,337.87,Cliente_48,0.99
80,2024-03-03,Prod_10,5,459.8,310.62,Cliente_68,0.96
660,2024-03-07,Prod_18,1,266.7,49.1,Cliente_7,1.05
643,2024-03-10,Prod_7,2,412.14,80.16,Cliente_86,1.06
2,2024-03-11,Prod_5,6,212.17,326.22,Cliente_81,0.93
444,2024-03-13,Prod_1,2,240.07,217.63,Cliente_45,0.99
305,2024-03-14,Prod_19,7,477.1,49.85,Cliente_67,0.97
931,2024-03-16,Prod_17,6,296.09,83.04,Cliente_63,1.08
271,2024-03-17,Prod_14,8,354.82,380.7,Cliente_96,0.91
680,2024-03-17,Prod_12,2,480.34,377.27,Cliente_34,1.0
572,2024-03-19,Prod_19,4,123.75,307.84,Cliente_26,0.97
874,2024-03-20,Prod_11,4,333.82,69.09,Cliente_34,0.98
789,2024-03-20,Prod_6,8,245.9,285.13,Cliente_78,1.06
634,2024-03-22,Prod_16,7,401.61,395.98,Cliente_67,0.98
995,2024-03-25,Prod_20,8,282.39,53.31,Cliente_71,1.09
884,2024-03-26,Prod_15,1,256.11,320.76,Cliente_39,0.92
456,2024-03-28,Prod_8,3,443.98,131.7,Cliente_64,0.97
655,2024-03-28,Prod_7,7,119.21,316.97,Cliente_55,1.05
373,2024-03-28,Prod_9,8,334.44,201.83,Cliente_97,1.05
79,2024-03-30,Prod_17,3,86.99,63.43,Cliente_61,0.92
794,2024-03-30,Prod_16,8,224.26,223.44,Cliente_93,0.95
893,2024-03-31,Prod_6,6,312.6,358.04,Cliente_98,0.94
110,2024-03-31,Prod_1,9,330.13,126.74,Cliente_25,0.99
250,2024-03-31,Prod_11,7,263.3,172.89,Cliente_11,0.92
752,2024-04-01,Prod_9,2,117.32,95.28,Cliente_62,0.93
14,2024-04-03,Prod_3,2,50.08,318.82,Cliente_69,0.98
432,2024-04-04,Prod_18,6,260.14,161.04,Cliente_99,1.0
33,2024-04-04,Prod_19,4,427.76,176.22,Cliente_53,0.93
193,2024-04-05,Prod_19,6,224.33,333.03,Cliente_4,0.91
980,2024-04-05,Prod_6,1,275.04,332.97,Cliente_40,1.06
111,2024-04-06,Prod_5,5,261.38,99.02,Cliente_54,1.0
177,2024-04-06,Prod_9,5,383.44,242.17,Cliente_28,0.98
327,2024-04-08,Prod_15,1,76.76,249.16,Cliente_98,0.96
11,2024-04-11,Prod_1,5,454.48,334.68,Cliente_3,1.01
811,2024-04-13,Prod_18,8,103.32,129.18,Cliente_85,0.94
435,2024-04-14,Prod_19,1,87.22,376.78,Cliente_38,0.98
547,2024-04-15,Prod_10,6,454.75,95.43,Cliente_55,0.98
945,2024-04-15,Prod_19,3,241.15,250.08,Cliente_98,0.95
265,2024-04-16,Prod_1,5,427.35,188.36,Cliente_55,1.02
140,2024-04-16,Prod_3,7,378.44,56.24,Cliente_82,1.05
354,2024-04-17,Prod_11,8,51.04,259.62,Cliente_62,0.92
401,2024-04-17,Prod_2,7,391.83,232.64,Cliente_19,0.98
235,2024-04-17,Prod_18,3,489.85,342.69,Cliente_2,1.01
608,2024-04-18,Prod_15,2,99.0,48.75,Cliente_71,0.92
659,2024-04-18,Prod_13,8,280.72,278.1,Cliente_100,0.99
694,2024-04-19,Prod_5,6,230.42,31.08,Cliente_75,1.05
40,2024-04-19,Prod_2,4,252.43,222.12,Cliente_90,0.97
892,2024-04-20,Prod_1,3,352.43,77.67,Cliente_30,0.96
44,2024-04-20,Prod_3,2,168.49,151.19,Cliente_77,0.93
97,2024-04-21,Prod_8,4,262.8,352.18,Cliente_75,1.09
524,2024-04-21,Prod_4,4,308.91,132.35,Cliente_1,0.95
469,2024-04-21,Prod_14,3,439.62,214.91,Cliente_23,0.91
455,2024-04-25,Prod_7,7,164.4,95.81,Cliente_23,1.09
812,2024-04-28,Prod_4,4,482.68,126.3,Cliente_61,0.91
59,2024-04-29,Prod_7,4,331.78,237.33,Cliente_42,1.06
203,2024-04-29,Prod_6,1,310.67,102.55,Cliente_90,0.95
626,2024-05-02,Prod_7,1,478.8,32.08,Cliente_20,0.93
343,2024-05-03,Prod_11,6,334.64,40.98,Cliente_26,0.94
151,2024-05-04,Prod_5,1,372.91,98.75,Cliente_53,0.95
513,2024-05-04,Prod_19,5,170.0,53.27,Cliente_40,0.97
25,2024-05-06,Prod_10,6,239.65,321.9,Cliente_43,1.05
838,2024-05-06,Prod_20,7,445.09,148.18,Cliente_69,0.92
741,2024-05-07,Prod_3,1,453.22,187.42,Cliente_100,1.09
128,2024-05-07,Prod_17,9,178.05,251.2,Cliente_89,0.91
858,2024-05-10,Prod_1,6,461.63,84.24,Cliente_88,1.0
690,2024-05-11,Prod_14,4,114.72,125.68,Cliente_55,1.04
479,2024-05-11,Prod_7,1,373.84,106.16,Cliente_7,1.05
270,2024-05-11,Prod_5,9,278.35,211.52,Cliente_28,0.92
722,2024-05-13,Prod_11,3,296.02,60.89,Cliente_72,0.92
143,2024-05-13,Prod_11,5,166.18,240.79,Cliente_10,1.09
862,2024-05-14,Prod_19,3,96.4,262.4,Cliente_27,1.05
739,2024-05-15,Prod_18,9,391.58,345.73,Cliente_50,0.95
974,2024-05-16,Prod_10,9,425.14,142.64,Cliente_91,1.1
162,2024-05-17,Prod_3,4,455.14,343.98,Cliente_94,0.93
182,2024-05-17,Prod_13,4,362.7,183.81,Cliente_59,0.92
423,2024-05-18,Prod_1,2,172.2,344.79,Cliente_33,1.06
903,2024-05-19,Prod_8,8,53.01,143.05,Cliente_65,0.94
57,2024-05-19,Prod_11,3,203.18,147.56,Cliente_11,0.94
233,2024-05-20,Prod_1,5,487.41,385.24,Cliente_62,0.99
534,2024-05-20,Prod_6,1,338.84,151.82,Cliente_19,1.1
801,2024-05-20,Prod_6,4,429.48,175.99,Cliente_91,0.91
905,2024-05-22,Prod_17,9,331.34,267.85,Cliente_49,0.93
81,2024-05-23,Prod_17,5,258.99,277.98,Cliente_25,1.09
274,2024-05-24,Prod_5,5,295.17,348.18,Cliente_49,0.95
400,2024-05-24,Prod_18,4,237.25,269.3,Cliente_75,0.97
337,2024-05-25,Prod_13,6,380.31,136.3,Cliente_89,1.02
864,2024-05-25,Prod_2,6,490.53,311.84,Cliente_59,1.08
42,2024-05-25,Prod_7,2,104.11,132.78,Cliente_23,1.03
319,2024-05-25,Prod_4,4,452.5,279.71,Cliente_67,1.02
542,2024-05-26,Prod_8,8,423.39,396.84,Cliente_42,1.1
464,2024-05-26,Prod_1,8,335.45,22.45,Cliente_87,0.91
939,2024-05-27,Prod_13,2,63.28,77.26,Cliente_22,1.09
618,2024-05-27,Prod_18,5,146.28,104.76,Cliente_78,0.94
460,2024-05-30,Prod_15,2,354.25,251.78,Cliente_96,1.08
684,2024-05-30,Prod_20,3,244.12,361.72,Cliente_24,0.96
852,2024-05-31,Prod_4,6,401.45,33.28,Cliente_97,0.91
472,2024-06-01,Prod_16,3,335.49,162.81,Cliente_44,0.93
842,2024-06-02,Prod_17,1,87.76,266.28,Cliente_9,1.06
136,2024-06-04,Prod_13,4,252.77,335.92,Cliente_89,1.05
670,2024-06-05,Prod_13,7,308.23,341.05,Cliente_80,0.95
770,2024-06-08,Prod_18,6,487.59,49.19,Cliente_50,1.09
532,2024-06-08,Prod_4,1,382.56,277.68,Cliente_98,0.98
211,2024-06-08,Prod_19,3,286.62,317.83,Cliente_6,0.93
936,2024-06-09,Prod_15,7,418.27,68.44,Cliente_62,0.96
881,2024-06-14,Prod_3,4,80.75,94.1,Cliente_54,1.08
930,2024-06-15,Prod_13,6,153.13,244.97,Cliente_86,1.06
527,2024-06-21,Prod_5,3,215.48,212.41,Cliente_45,1.05
967,2024-06-23,Prod_2,5,461.87,140.94,Cliente_85,0.95
209,2024-06-24,Prod_11,2,62.34,259.42,Cliente_87,1.01
701,2024-06-28,Prod_17,7,183.06,140.72,Cliente_61,1.01
461,2024-06-30,Prod_5,9,474.79,371.32,Cliente_30,0.99
986,2024-06-30,Prod_18,2,261.29,395.76,Cliente_74,0.98
172,2024-06-30,Prod_8,9,112.49,347.38,Cliente_43,1.08
758,2024-07-01,Prod_10,3,282.92,314.99,Cliente_95,0.97
347,2024-07-04,Prod_10,2,379.87,221.35,Cliente_23,0.99
662,2024-07-04,Prod_16,3,90.82,248.64,Cliente_83,1.1
191,2024-07-07,Prod_9,1,417.53,125.81,Cliente_48,0.94
227,2024-07-09,Prod_5,7,288.99,276.22,Cliente_39,0.94
714,2024-07-09,Prod_20,7,208.67,316.77,Cliente_96,1.08
101,2024-07-09,Prod_3,5,451.17,222.0,Cliente_11,0.91
914,2024-07-09,Prod_3,4,376.58,245.77,Cliente_42,0.95
220,2024-07-10,Prod_20,5,220.51,328.83,Cliente_30,1.03
985,2024-07-11,Prod_9,2,233.43,273.18,Cliente_100,1.03
624,2024-07-13,Prod_10,7,364.24,180.95,Cliente_31,1.02
39,2024-07-14,Prod_8,9,335.79,347.93,Cliente_42,0.91
88,2024-07-15,Prod_11,6,404.96,175.09,Cliente_46,1.01
52,2024-07-16,Prod_15,3,319.46,100.52,Cliente_12,1.03
443,2024-07-16,Prod_4,5,474.34,116.01,Cliente_60,0.96
272,2024-07-17,Prod_3,8,155.77,336.48,Cliente_92,0.99
199,2024-07-17,Prod_20,5,315.63,318.95,Cliente_12,1.09
799,2024-07-17,Prod_10,4,408.9,93.89,Cliente_14,1.06
813,2024-07-18,Prod_2,8,371.48,146.16,Cliente_22,1.02
73,2024-07-18,Prod_10,7,64.69,284.72,Cliente_72,0.93
941,2024-07-19,Prod_6,6,57.12,396.75,Cliente_84,1.07
93,2024-07-19,Prod_15,8,404.04,297.9,Cliente_89,0.97
288,2024-07-19,Prod_1,5,116.59,240.3,Cliente_39,1.07
499,2024-07-19,Prod_5,5,420.49,252.09,Cliente_28,0.98
54,2024-07-20,Prod_5,8,444.76,83.43,Cliente_95,1.04
816,2024-07-22,Prod_12,8,445.7,308.45,Cliente_50,0.91
564,2024-07-23,Prod_3,8,328.88,377.78,Cliente_73,1.09
500,2024-07-23,Prod_5,6,401.91,95.94,Cliente_41,1.1
366,2024-07-25,Prod_16,7,229.6,394.96,Cliente_56,0.96
577,2024-07-25,Prod_13,3,376.24,297.29,Cliente_99,0.95
221,2024-07-27,Prod_17,4,53.02,288.6,Cliente_42,1.02
164,2024-07-27,Prod_13,1,194.49,308.14,Cliente_73,1.02
195,2024-07-28,Prod_5,9,231.75,315.18,Cliente_30,1.01
559,2024-07-28,Prod_11,8,340.07,266.06,Cliente_10,0.95
709,2024-07-30,Prod_14,7,92.77,140.3,Cliente_94,1.04
218,2024-07-31,Prod_20,5,202.9,55.84,Cliente_18,1.02
417,2024-08-02,Prod_9,3,374.29,173.05,Cliente_76,1.1
635,2024-08-03,Prod_8,6,482.08,238.29,Cliente_58,1.1
390,2024-08-09,Prod_9,7,181.63,272.4,Cliente_82,1.05
834,2024-08-10,Prod_2,2,136.14,325.08,Cliente_16,1.07
144,2024-08-15,Prod_15,1,353.57,181.91,Cliente_57,1.04
989,2024-08-16,Prod_8,8,176.47,202.42,Cliente_17,1.06
779,2024-08-18,Prod_8,4,205.07,372.23,Cliente_88,0.93
625,2024-08-23,Prod_16,7,227.84,321.56,Cliente_50,1.01
67,2024-08-23,Prod_19,6,346.47,97.39,Cliente_6,0.96
732,2024-08-24,Prod_9,7,447.23,232.57,Cliente_71,1.04
603,2024-08-26,Prod_12,6,111.65,378.21,Cliente_12,1.1
729,2024-08-27,Prod_5,4,141.61,362.6,Cliente_1,1.09
718,2024-08-29,Prod_19,8,70.43,270.06,Cliente_9,1.03
482,2024-08-29,Prod_1,4,378.72,313.95,Cliente_84,1.01
264,2024-08-30,Prod_3,6,161.11,198.33,Cliente_85,0.91
681,2024-08-30,Prod_15,5,116.68,37.78,Cliente_36,0.96
451,2024-08-31,Prod_14,4,468.58,163.08,Cliente_85,0.99
322,2024-08-31,Prod_5,1,320.95,356.14,Cliente_78,1.08
315,2024-09-01,Prod_6,3,322.59,282.46,Cliente_8,1.04
360,2024-09-02,Prod_15,9,471.69,134.94,Cliente_59,1.09
787,2024-09-03,Prod_13,4,394.12,139.21,Cliente_62,0.92
663,2024-09-03,Prod_13,1,64.68,376.1,Cliente_49,0.95
573,2024-09-04,Prod_3,4,339.27,132.13,Cliente_4,0.92
706,2024-09-04,Prod_11,4,182.86,39.08,Cliente_21,0.96
175,2024-09-04,Prod_19,9,127.33,303.39,Cliente_78,1.06
279,2024-09-04,Prod_10,4,417.54,264.82,Cliente_32,1.01
9,2024-09-06,Prod_17,8,413.33,49.12,Cliente_51,1.03
735,2024-09-08,Prod_17,1,189.54,284.74,Cliente_41,0.96
578,2024-09-11,Prod_11,5,292.47,377.28,Cliente_52,1.09
226,2024-09-11,Prod_6,7,431.21,324.51,Cliente_27,1.0
365,2024-09-15,Prod_4,3,96.98,49.06,Cliente_51,1.09
280,2024-09-16,Prod_18,7,143.29,390.21,Cliente_69,0.97
391,2024-09-16,Prod_10,2,118.55,95.71,Cliente_82,0.98
740,2024-09-17,Prod_17,6,324.33,331.76,Cliente_63,0.96
505,2024-09-17,Prod_3,7,459.98,231.45,Cliente_6,0.99
389,2024-09-19,Prod_9,1,230.59,396.87,Cliente_20,0.97
244,2024-09-19,Prod_20,2,116.18,137.4,Cliente_38,0.97
243,2024-09-24,Prod_2,2,190.94,288.34,Cliente_82,0.99
825,2024-09-25,Prod_2,8,470.88,228.02,Cliente_98,1.03
617,2024-09-25,Prod_8,4,129.24,348.12,Cliente_29,0.99
850,2024-09-25,Prod_15,2,380.07,223.36,Cliente_29,0.96
595,2024-09-27,Prod_12,9,296.09,25.77,Cliente_9,1.0
889,2024-09-29,Prod_19,8,217.97,55.44,Cliente_18,0.99
622,2024-09-29,Prod_13,5,379.46,233.28,Cliente_95,0.94
295,2024-09-29,Prod_14,1,209.06,192.36,Cliente_92,1.05
511,2024-09-30,Prod_17,5,198.61,304.78,Cliente_14,1.09
429,2024-10-01,Prod_16,9,317.07,249.46,Cliente_26,1.04
232,2024-10-01,Prod_3,4,125.31,140.88,Cliente_33,1.03
346,2024-10-01,Prod_11,7,200.03,186.61,Cliente_36,1.05
615,2024-10-02,Prod_16,6,256.53,285.89,Cliente_85,0.91
350,2024-10-02,Prod_6,3,495.75,63.48,Cliente_69,0.91
286,2024-10-03,Prod_19,7,257.65,97.58,Cliente_59,1.09
178,2024-10-04,Prod_5,9,288.5,70.79,Cliente_29,0.99
223,2024-10-07,Prod_15,6,406.27,334.13,Cliente_74,1.0
61,2024-10-08,Prod_2,2,427.17,177.6,Cliente_11,0.92
857,2024-10-09,Prod_11,2,473.57,64.57,Cliente_1,0.95
139,2024-10-09,Prod_7,2,225.44,260.16,Cliente_81,0.96
963,2024-10-09,Prod_1,8,142.8,329.11,Cliente_98,0.95
252,2024-10-10,Prod_6,1,497.69,46.34,Cliente_82,1.0
372,2024-10-13,Prod_17,8,297.11,79.27,Cliente_92,1.06
886,2024-10-14,Prod_5,9,299.02,214.42,Cliente_42,1.08
844,2024-10-14,Prod_17,2,354.89,320.4,Cliente_86,1.07
544,2024-10-15,Prod_12,7,181.01,394.24,Cliente_97,0.97
207,2024-10-16,Prod_2,3,55.54,357.62,Cliente_58,0.96
642,2024-10-17,Prod_10,4,298.4,321.69,Cliente_83,1.0
944,2024-10-17,Prod_11,9,209.69,397.88,Cliente_42,0.91
592,2024-10-17,Prod_3,4,329.41,154.95,Cliente_8,0.98
863,2024-10-18,Prod_11,7,296.5,394.37,Cliente_43,1.0
599,2024-10-18,Prod_2,5,438.78,218.79,Cliente_42,1.09
832,2024-10-19,Prod_10,9,58.91,242.24,Cliente_20,0.93
598,2024-10-20,Prod_6,2,302.39,351.75,Cliente_99,0.96
679,2024-10-20,Prod_16,9,152.91,278.91,Cliente_10,0.95
459,2024-10-20,Prod_8,3,108.32,378.97,Cliente_23,0.94
379,2024-10-20,Prod_1,6,356.79,352.65,Cliente_8,1.03
929,2024-10-20,Prod_11,4,498.32,326.27,Cliente_83,0.92
891,2024-10-21,Prod_3,4,252.81,71.33,Cliente_54,1.04
330,2024-10-21,Prod_20,7,184.3,314.85,Cliente_24,1.05
21,2024-10-23,Prod_6,9,235.74,49.5,Cliente_4,0.94
763,2024-10-24,Prod_11,5,477.14,295.21,Cliente_50,0.99
509,2024-10-24,Prod_10,2,64.14,159.04,Cliente_45,0.92
696,2024-10-25,Prod_1,5,420.42,79.39,Cliente_98,1.03
762,2024-10-25,Prod_5,3,212.77,322.94,Cliente_82,0.91
259,2024-10-25,Prod_11,6,398.09,350.0,Cliente_44,1.07
19,2024-10-25,Prod_5,5,221.73,141.07,Cliente_73,0.97
557,2024-10-26,Prod_11,5,288.83,42.84,Cliente_39,0.94
956,2024-10-29,Prod_18,2,228.85,188.1,Cliente_56,0.95
439,2024-10-31,Prod_17,3,304.24,237.82,Cliente_22,1.01
597,2024-10-31,Prod_19,7,256.37,60.22,Cliente_11,0.94
300,2024-11-02,Prod_19,9,75.98,382.34,Cliente_12,1.0
263,2024-11-02,Prod_3,6,125.75,260.57,Cliente_57,1.05
916,2024-11-02,Prod_14,2,382.73,68.03,Cliente_56,0.99
387,2024-11-03,Prod_15,2,145.0,151.88,Cliente_69,1.09
146,2024-11-05,Prod_18,8,373.29,218.01,Cliente_50,0.99
699,2024-11-05,Prod_9,6,142.01,289.84,Cliente_75,1.03
749,2024-11-06,Prod_5,5,149.22,194.67,Cliente_96,1.06
961,2024-11-06,Prod_9,9,396.83,68.4,Cliente_57,0.9
927,2024-11-06,Prod_2,5,280.73,326.1,Cliente_47,0.95
254,2024-11-07,Prod_17,4,89.69,298.54,Cliente_98,0.95
414,2024-11-11,Prod_7,3,303.48,299.77,Cliente_56,1.03
43,2024-11-12,Prod_2,4,80.75,225.72,Cliente_43,0.97
525,2024-11-12,Prod_13,2,84.37,255.45,Cliente_100,0.99
568,2024-11-12,Prod_1,5,174.31,114.79,Cliente_63,1.01
219,2024-11-12,Prod_1,2,282.76,304.24,Cliente_95,0.94
258,2024-11-14,Prod_14,7,486.83,236.4,Cliente_66,0.92
298,2024-11-14,Prod_19,3,385.64,365.88,Cliente_35,1.08
168,2024-11-14,Prod_15,9,340.9,166.76,Cliente_24,1.01
915,2024-11-15,Prod_20,6,327.76,176.32,Cliente_51,0.91
538,2024-11-15,Prod_6,1,296.77,74.06,Cliente_16,0.95
503,2024-11-16,Prod_2,7,359.62,267.58,Cliente_58,0.92
50,2024-11-17,Prod_17,3,151.86,241.21,Cliente_39,0.95
431,2024-11-18,Prod_19,9,312.47,232.33,Cliente_98,1.07
756,2024-11-19,Prod_2,6,59.3,208.82,Cliente_61,0.99
698,2024-11-20,Prod_15,5,295.03,216.94,Cliente_3,1.02
704,2024-11-21,Prod_5,4,336.22,138.96,Cliente_90,0.92
194,2024-11-21,Prod_8,7,433.33,43.99,Cliente_30,0.96
267,2024-11-22,Prod_8,9,422.07,347.2,Cliente_95,0.91
567,2024-11-22,Prod_5,1,191.82,348.69,Cliente_4,0.93
819,2024-11-23,Prod_13,5,331.26,283.65,Cliente_80,0.97
769,2024-11-25,Prod_16,4,127.44,147.54,Cliente_15,0.91
646,2024-11-27,Prod_3,8,130.05,79.29,Cliente_83,0.97
964,2024-11-28,Prod_13,2,409.87,371.22,Cliente_35,1.06
558,2024-11-28,Prod_8,8,342.93,363.81,Cliente_31,1.0
784,2024-11-29,Prod_2,4,349.32,297.84,Cliente_13,1.08
214,2024-11-29,Prod_5,2,340.58,215.4,Cliente_72,1.09
283,2024-11-29,Prod_7,3,185.22,304.16,Cliente_42,0.97
45,2024-11-30,Prod_18,2,70.76,177.4,Cliente_28,1.02
484,2024-11-30,Prod_16,4,408.31,258.0,Cliente_6,0.98
7,2024-12-01,Prod_17,7,456.62,116.86,Cliente_8,1.06
114,2024-12-02,Prod_14,7,315.89,89.05,Cliente_97,1.01
98,2024-12-03,Prod_4,9,492.73,97.31,Cliente_96,1.05
633,2024-12-04,Prod_19,7,256.21,102.94,Cliente_70,0.97
972,2024-12-04,Prod_15,4,443.18,358.66,Cliente_51,1.06
409,2024-12-06,Prod_1,5,286.83,215.26,Cliente_65,1.04
992,2024-12-09,Prod_15,9,233.95,335.29,Cliente_7,0.91
301,2024-12-10,Prod_6,9,356.34,355.01,Cliente_38,1.08
249,2024-12-10,Prod_9,7,218.66,177.63,Cliente_95,1.0
341,2024-12-11,Prod_4,6,442.42,83.88,Cliente_81,0.93
879,2024-12-14,Prod_20,5,127.45,198.96,Cliente_56,1.01
796,2024-12-18,Prod_13,9,57.23,305.55,Cliente_64,0.94
412,2024-12-20,Prod_18,6,186.44,330.79,Cliente_86,0.9
117,2024-12-20,Prod_14,5,72.27,227.32,Cliente_78,0.97
979,2024-12-24,Prod_3,6,238.73,359.87,Cliente_54,0.95
116,2024-12-25,Prod_17,6,434.36,342.21,Cliente_14,1.06
170,2024-12-26,Prod_15,2,319.41,90.44,Cliente_36,1.03
553,2024-12-27,Prod_1,3,352.24,190.54,Cliente_21,1.02
112,2024-12-27,Prod_9,4,251.36,35.95,Cliente_29,0.97
725,2024-12-27,Prod_17,6,77.6,184.83,Cliente_35,0.95
165,2024-12-28,Prod_18,3,387.43,136.62,Cliente_61,1.05
746,2024-12-29,Prod_9,6,201.63,316.47,Cliente_48,1.09
781,2024-12-29,Prod_19,9,73.35,179.6,Cliente_61,0.91
100,2024-12-30,Prod_4,5,233.14,128.49,Cliente_7,1.08
299,2024-12-30,Prod_7,7,297.2,262.83,Cliente_6,0.91
968,2025-01-01,Prod_6,8,436.92,359.82,Cliente_93,1.03
981,2025-01-01,Prod_9,5,403.29,361.54,Cliente_26,0.98
829,2025-01-02,Prod_6,9,161.38,67.71,Cliente_89,0.94
666,2025-01-03,Prod_2,3,174.0,268.58,Cliente_51,1.08
202,2025-01-03,Prod_15,1,252.56,77.23,Cliente_18,1.01
797,2025-01-04,Prod_11,6,401.98,70.15,Cliente_25,0.92
498,2025-01-04,Prod_20,2,350.09,284.34,Cliente_17,0.96
765,2025-01-05,Prod_15,4,108.47,149.41,Cliente_79,1.09
950,2025-01-05,Prod_15,2,199.87,116.38,Cliente_17,1.04
291,2025-01-05,Prod_17,2,458.12,43.03,Cliente_29,0.96
174,2025-01-08,Prod_12,9,119.44,295.25,Cliente_32,0.97
755,2025-01-08,Prod_3,6,389.22,179.54,Cliente_63,1.08
971,2025-01-09,Prod_18,3,235.1,133.54,Cliente_65,1.0
607,2025-01-10,Prod_17,8,346.6,57.52,Cliente_52,1.02
197,2025-01-12,Prod_6,1,294.14,195.38,Cliente_75,1.03
246,2025-01-14,Prod_5,4,108.52,214.42,Cliente_58,0.9
475,2025-01-14,Prod_5,4,436.53,276.27,Cliente_47,0.99
37,2025-01-17,Prod_1,1,332.71,183.25,Cliente_72,1.03
118,2025-01-18,Prod_13,5,424.99,393.05,Cliente_35,0.99
206,2025-01-18,Prod_19,6,450.34,177.79,Cliente_1,0.92
438,2025-01-19,Prod_2,3,108.47,297.2,Cliente_54,1.07
653,2025-01-19,Prod_8,3,50.2,239.06,Cliente_55,0.97
833,2025-01-20,Prod_9,1,225.81,148.26,Cliente_64,1.04
619,2025-01-20,Prod_12,3,55.86,351.78,Cliente_90,0.93
982,2025-01-21,Prod_6,3,319.48,230.18,Cliente_80,0.92
320,2025-01-21,Prod_2,8,255.19,162.67,Cliente_9,1.05
723,2025-01-23,Prod_2,1,289.41,311.89,Cliente_56,0.92
887,2025-01-23,Prod_20,8,338.73,43.18,Cliente_81,0.93
671,2025-01-27,Prod_13,2,237.02,105.11,Cliente_83,0.99
526,2025-01-28,Prod_2,8,222.16,247.86,Cliente_25,1.04
688,2025-01-28,Prod_3,3,196.85,222.03,Cliente_29,1.09
748,2025-01-30,Prod_14,9,232.59,92.63,Cliente_48,0.91
669,2025-01-31,Prod_2,5,223.85,372.68,Cliente_92,1.01
678,2025-01-31,Prod_12,1,388.3,107.96,Cliente_27,0.91
925,2025-02-02,Prod_6,7,437.59,207.19,Cliente_54,1.1
362,2025-02-02,Prod_11,1,414.13,84.64,Cliente_63,1.09
125,2025-02-02,Prod_4,2,69.97,189.63,Cliente_93,1.06
331,2025-02-02,Prod_15,4,158.17,68.62,Cliente_44,1.04
183,2025-02-05,Prod_6,6,289.62,228.75,Cliente_31,1.06
310,2025-02-05,Prod_15,7,186.1,45.28,Cliente_4,0.9
682,2025-02-07,Prod_10,9,355.8,141.47,Cliente_25,0.94
179,2025-02-07,Prod_6,4,423.06,188.67,Cliente_16,1.07
23,2025-02-08,Prod_5,3,265.58,152.58,Cliente_91,1.09
329,2025-02-09,Prod_13,9,338.09,377.49,Cliente_22,1.08
95,2025-02-10,Prod_11,9,168.2,306.0,Cliente_57,1.05
150,2025-02-11,Prod_15,2,50.95,25.56,Cliente_1,1.04
582,2025-02-12,Prod_9,6,468.77,85.87,Cliente_79,1.08
728,2025-02-14,Prod_5,5,140.25,124.27,Cliente_27,0.98
541,2025-02-14,Prod_6,2,296.13,53.82,Cliente_1,1.0
445,2025-02-14,Prod_8,8,219.79,218.34,Cliente_46,1.07
82,2025-02-14,Prod_20,1,111.89,313.73,Cliente_12,0.93
71,2025-02-15,Prod_1,4,381.9,28.41,Cliente_65,0.98
351,2025-02-17,Prod_8,2,140.29,23.31,Cliente_43,0.99
767,2025-02-18,Prod_8,5,401.33,39.91,Cliente_70,0.96
158,2025-02-18,Prod_13,8,348.2,118.13,Cliente_90,0.95
47,2025-02-21,Prod_1,6,177.72,355.03,Cliente_20,0.98
570,2025-02-21,Prod_15,5,287.27,345.33,Cliente_9,1.02
951,2025-02-22,Prod_16,5,448.23,307.41,Cliente_38,0.91
516,2025-02-23,Prod_9,3,68.75,131.16,Cliente_97,0.9
602,2025-02-25,Prod_5,2,353.46,233.02,Cliente_13,1.02
873,2025-02-25,Prod_15,4,383.07,126.0,Cliente_80,0.99
636,2025-02-28,Prod_18,6,393.61,72.4,Cliente_99,1.09
611,2025-03-01,Prod_19,9,233.0,242.33,Cliente_60,1.02
122,2025-03-02,Prod_11,3,247.34,107.99,Cliente_67,1.09
686,2025-03-02,Prod_1,6,303.5,188.76,Cliente_87,0.99
504,2025-03-02,Prod_12,8,158.85,100.1,Cliente_41,0.93
497,2025-03-03,Prod_12,7,69.35,370.5,Cliente_92,0.96
849,2025-03-05,Prod_14,1,403.19,269.43,Cliente_55,1.03
186,2025-03-05,Prod_6,2,229.72,304.33,Cliente_17,0.99
217,2025-03-06,Prod_19,9,475.99,273.37,Cliente_19,1.05
224,2025-03-06,Prod_1,2,318.19,363.18,Cliente_12,1.01
795,2025-03-06,Prod_9,6,457.96,235.11,Cliente_31,1.01
998,2025-03-08,Prod_6,3,386.05,196.25,Cliente_46,0.99
450,2025-03-08,Prod_19,4,304.08,40.34,Cliente_26,1.06
775,2025-03-08,Prod_5,3,411.58,120.52,Cliente_62,1.03
229,2025-03-08,Prod_4,9,311.1,197.01,Cliente_21,0.94
552,2025-03-10,Prod_11,8,76.87,149.74,Cliente_6,1.06
418,2025-03-11,Prod_17,7,230.65,388.69,Cliente_55,0.98
674,2025-03-12,Prod_7,4,444.81,313.96,Cliente_63,1.08
620,2025-03-12,Prod_15,1,56.39,320.01,Cliente_51,1.09
869,2025-03-14,Prod_3,3,283.87,210.27,Cliente_100,1.04
166,2025-03-15,Prod_15,5,235.7,177.69,Cliente_35,1.05
27,2025-03-16,Prod_19,7,484.81,151.02,Cliente_13,1.1
275,2025-03-17,Prod_19,4,124.36,61.82,Cliente_9,0.98
520,2025-03-21,Prod_7,7,170.26,262.1,Cliente_64,0.93
132,2025-03-23,Prod_15,8,308.65,37.22,Cliente_64,1.05
919,2025-03-25,Prod_7,3,274.12,326.57,Cliente_20,1.07
993,2025-03-25,Prod_7,4,465.81,391.18,Cliente_44,0.92
421,2025-03-26,Prod_17,5,420.7,126.18,Cliente_60,1.04
380,2025-03-26,Prod_14,2,100.82,187.86,Cliente_6,1.04
458,2025-03-26,Prod_3,5,175.3,380.43,Cliente_43,1.0
108,2025-03-26,Prod_10,2,252.71,266.15,Cliente_57,0.97
529,2025-03-28,Prod_6,4,245.98,366.91,Cliente_98,0.96
60,2025-03-29,Prod_6,7,289.09,394.77,Cliente_27,0.94
256,2025-03-29,Prod_12,4,118.21,72.61,Cliente_88,0.99
342,2025-03-30,Prod_4,3,287.25,200.48,Cliente_60,1.1
591,2025-03-30,Prod_3,1,483.04,168.25,Cliente_95,0.91
410,2025-04-01,Prod_17,4,258.43,363.25,Cliente_51,0.98
96,2025-04-01,Prod_16,6,172.21,196.72,Cliente_4,0.97
589,2025-04-02,Prod_10,2,209.42,260.25,Cliente_74,1.05
908,2025-04-03,Prod_14,5,332.37,100.69,Cliente_21,0.97
997,2025-04-03,Prod_4,7,474.14,358.7,Cliente_34,1.07
536,2025-04-04,Prod_17,9,305.64,321.9,Cliente_83,1.0
738,2025-04-05,Prod_18,1,237.17,100.14,Cliente_33,1.1
261,2025-04-06,Prod_2,8,265.05,161.16,Cliente_42,0.94
533,2025-04-07,Prod_9,9,150.47,226.35,Cliente_93,0.93
894,2025-04-08,Prod_15,7,286.59,378.69,Cliente_58,0.96
918,2025-04-08,Prod_14,3,349.25,256.64,Cliente_70,1.01
457,2025-04-08,Prod_1,3,132.26,110.09,Cliente_87,1.1
610,2025-04-09,Prod_16,9,274.21,55.02,Cliente_56,0.91
269,2025-04-09,Prod_9,8,129.73,377.17,Cliente_39,1.07
601,2025-04-10,Prod_19,8,453.95,176.13,Cliente_36,0.99
56,2025-04-11,Prod_2,1,198.68,121.69,Cliente_78,1.06
860,2025-04-12,Prod_15,2,252.55,309.44,Cliente_4,0.94
551,2025-04-13,Prod_2,7,263.03,123.72,Cliente_45,1.0
708,2025-04-14,Prod_7,7,257.0,164.25,Cliente_56,0.93
304,2025-04-15,Prod_7,3,486.32,264.18,Cliente_19,0.95
672,2025-04-16,Prod_18,9,431.27,110.87,Cliente_42,0.97
313,2025-04-16,Prod_7,7,303.22,254.2,Cliente_67,1.02
569,2025-04-17,Prod_4,4,491.74,292.51,Cliente_40,1.07
135,2025-04-18,Prod_2,6,70.18,164.11,Cliente_87,0.94
213,2025-04-18,Prod_12,8,124.53,96.4,Cliente_44,1.02
157,2025-04-19,Prod_17,8,410.16,80.3,Cliente_43,1.1
63,2025-04-20,Prod_18,5,243.13,351.16,Cliente_98,0.97
712,2025-04-21,Prod_2,8,377.04,139.63,Cliente_51,0.92
831,2025-04-22,Prod_7,9,134.11,334.4,Cliente_69,0.93
726,2025-04-28,Prod_3,8,212.98,114.81,Cliente_3,0.93
800,2025-04-30,Prod_4,8,327.16,55.41,Cliente_8,1.05
396,2025-05-01,Prod_11,9,297.04,377.36,Cliente_63,0.91
695,2025-05-01,Prod_16,3,393.4,364.75,Cliente_26,0.92
508,2025-05-03,Prod_17,5,476.98,372.39,Cliente_6,0.96
555,2025-05-03,Prod_4,1,495.59,91.97,Cliente_96,1.06
289,2025-05-04,Prod_15,1,433.65,192.11,Cliente_15,1.02
134,2025-05-06,Prod_14,7,353.94,373.13,Cliente_64,1.03
38,2025-05-06,Prod_17,3,289.7,301.44,Cliente_72,1.06
880,2025-05-07,Prod_11,6,466.48,207.05,Cliente_18,0.95
190,2025-05-07,Prod_11,3,259.97,195.98,Cliente_90,1.03
637,2025-05-10,Prod_18,9,434.84,281.73,Cliente_82,1.06
404,2025-05-10,Prod_12,7,440.12,64.46,Cliente_26,1.08
3,2025-05-10,Prod_1,7,80.83,23.03,Cliente_66,1.04
107,2025-05-12,Prod_18,4,261.34,175.7,Cliente_28,0.98
340,2025-05-13,Prod_19,3,63.75,178.16,Cliente_89,0.99
196,2025-05-13,Prod_4,5,84.93,332.23,Cliente_22,1.07
773,2025-05-16,Prod_16,7,131.09,380.34,Cliente_79,0.97
588,2025-05-16,Prod_8,2,392.49,298.88,Cliente_42,0.95
528,2025-05-16,Prod_11,9,131.78,153.16,Cliente_49,1.1
751,2025-05-18,Prod_11,4,294.11,135.71,Cliente_47,1.03
969,2025-05-18,Prod_7,1,65.75,265.06,Cliente_70,1.09
185,2025-05-20,Prod_1,6,87.98,261.97,Cliente_37,0.94
502,2025-05-21,Prod_9,5,94.94,236.02,Cliente_25,1.02
89,2025-05-21,Prod_11,9,337.82,356.54,Cliente_53,1.01
349,2025-05-21,Prod_6,1,407.03,83.09,Cliente_6,0.9
18,2025-05-21,Prod_17,6,152.03,108.08,Cliente_20,1.09
169,2025-05-21,Prod_2,2,449.62,243.63,Cliente_83,0.97
774,2025-05-22,Prod_13,2,94.21,135.75,Cliente_3,1.04
875,2025-05-25,Prod_20,4,297.32,57.83,Cliente_87,1.1
53,2025-05-25,Prod_15,2,79.02,138.18,Cliente_79,1.02
583,2025-05-26,Prod_9,1,273.79,204.61,Cliente_18,1.09
407,2025-05-27,Prod_20,6,299.6,285.44,Cliente_44,1.03
120,2025-05-28,Prod_15,1,178.21,215.08,Cliente_92,0.97
453,2025-05-28,Prod_1,6,354.13,120.84,Cliente_65,0.93
780,2025-05-29,Prod_13,6,63.89,101.21,Cliente_96,1.03
367,2025-05-30,Prod_4,3,375.42,123.12,Cliente_27,0.97
777,2025-05-30,Prod_17,8,106.31,125.53,Cliente_77,0.95
990,2025-06-01,Prod_18,7,370.83,72.45,Cliente_59,0.96
546,2025-06-01,Prod_7,8,118.55,192.07,Cliente_80,0.93
434,2025-06-01,Prod_14,4,473.2,116.06,Cliente_80,1.01
314,2025-06-02,Prod_4,8,248.55,113.59,Cliente_45,0.92
585,2025-06-02,Prod_17,8,70.05,279.22,Cliente_93,0.96
628,2025-06-03,Prod_7,2,226.76,111.23,Cliente_81,0.95
804,2025-06-03,Prod_11,5,275.49,140.67,Cliente_81,0.97
922,2025-06-04,Prod_20,6,450.53,315.43,Cliente_38,1.04
942,2025-06-04,Prod_9,7,84.72,296.2,Cliente_29,1.05
810,2025-06-09,Prod_7,2,267.02,258.05,Cliente_84,0.94
192,2025-06-10,Prod_3,8,80.32,268.79,Cliente_39,0.94
474,2025-06-10,Prod_20,1,51.3,200.76,Cliente_88,1.02
895,2025-06-13,Prod_2,4,162.29,311.02,Cliente_68,0.92
406,2025-06-14,Prod_7,3,419.64,66.83,Cliente_45,1.02
424,2025-06-14,Prod_13,2,231.1,82.81,Cliente_19,1.07
692,2025-06-14,Prod_4,4,456.69,129.44,Cliente_46,1.06
369,2025-06-15,Prod_5,6,359.33,335.14,Cliente_9,1.05
629,2025-06-15,Prod_14,5,434.4,74.84,Cliente_2,0.94
74,2025-06-16,Prod_19,6,440.85,208.37,Cliente_59,0.96
720,2025-06-16,Prod_14,2,468.95,378.41,Cliente_29,1.07
201,2025-06-18,Prod_4,9,222.91,304.18,Cliente_36,1.09
736,2025-06-21,Prod_10,2,379.28,143.25,Cliente_75,1.03
535,2025-06-21,Prod_2,8,306.79,185.55,Cliente_23,1.07
677,2025-06-24,Prod_17,6,427.92,266.33,Cliente_7,1.0
318,2025-06-25,Prod_1,7,376.57,390.95,Cliente_77,0.93
614,2025-06-26,Prod_5,2,148.6,317.73,Cliente_64,1.07
697,2025-06-26,Prod_14,6,450.0,103.63,Cliente_28,1.07
984,2025-06-27,Prod_7,4,315.6,165.94,Cliente_65,1.1
657,2025-06-30,Prod_17,5,479.68,97.61,Cliente_49,1.06
839,2025-07-01,Prod_4,6,322.48,138.53,Cliente_42,1.06
405,2025-07-02,Prod_19,6,254.28,323.89,Cliente_14,0.93
791,2025-07-03,Prod_16,7,190.39,235.16,Cliente_98,0.98
422,2025-07-04,Prod_7,3,374.77,70.03,Cliente_59,1.02
753,2025-07-08,Prod_3,3,221.31,44.96,Cliente_99,1.03
388,2025-07-08,Prod_15,4,438.53,227.95,Cliente_25,0.94
530,2025-07-09,Prod_18,6,199.44,149.11,Cliente_89,1.01
994,2025-07-09,Prod_11,1,100.35,173.8,Cliente_53,1.02
730,2025-07-10,Prod_15,3,54.54,101.78,Cliente_91,1.02
123,2025-07-10,Prod_16,4,148.33,378.17,Cliente_80,1.02
973,2025-07-11,Prod_2,2,337.08,25.18,Cliente_1,0.93
983,2025-07-13,Prod_9,1,140.49,328.66,Cliente_92,0.97
490,2025-07-16,Prod_15,3,381.69,306.42,Cliente_90,1.09
518,2025-07-17,Prod_2,5,393.04,131.63,Cliente_19,1.09
344,2025-07-17,Prod_5,6,340.01,378.11,Cliente_78,0.93
702,2025-07-17,Prod_4,5,317.21,388.1,Cliente_78,0.91
909,2025-07-17,Prod_18,8,223.53,66.36,Cliente_90,1.03
978,2025-07-17,Prod_11,7,402.79,329.81,Cliente_61,0.92
159,2025-07-18,Prod_20,1,91.53,250.06,Cliente_4,1.03
87,2025-07-20,Prod_13,3,250.36,275.83,Cliente_37,1.08
333,2025-07-20,Prod_5,2,165.22,185.45,Cliente_10,0.94
910,2025-07-22,Prod_20,7,471.32,286.53,Cliente_78,1.01
822,2025-07-23,Prod_9,3,275.68,99.26,Cliente_4,0.95
897,2025-07-23,Prod_17,9,128.34,20.51,Cliente_71,0.92
345,2025-07-24,Prod_20,2,418.91,48.43,Cliente_41,0.94
590,2025-07-24,Prod_7,3,477.08,241.77,Cliente_61,0.91
176,2025-07-31,Prod_10,9,337.04,232.01,Cliente_18,1.02
507,2025-07-31,Prod_12,1,369.22,337.33,Cliente_38,0.95
83,2025-07-31,Prod_5,8,203.37,381.55,Cliente_26,1.09
355,2025-08-03,Prod_12,6,69.87,103.49,Cliente_13,1.01
848,2025-08-03,Prod_18,1,491.92,37.21,Cliente_34,0.96
809,2025-08-05,Prod_11,6,188.98,39.21,Cliente_93,0.94
605,2025-08-08,Prod_17,2,287.25,116.5,Cliente_74,1.04
281,2025-08-09,Prod_8,9,402.07,46.52,Cliente_87,0.96
222,2025-08-10,Prod_12,7,223.64,387.56,Cliente_33,1.02
353,2025-08-10,Prod_14,4,90.42,98.76,Cliente_18,1.08
946,2025-08-10,Prod_9,1,146.9,137.0,Cliente_65,1.08
837,2025-08-11,Prod_4,9,243.74,151.03,Cliente_73,0.94
332,2025-08-12,Prod_8,1,190.35,152.05,Cliente_1,0.96
433,2025-08-12,Prod_1,1,203.17,318.54,Cliente_40,0.91
78,2025-08-13,Prod_10,2,362.5,214.67,Cliente_11,1.0
30,2025-08-13,Prod_9,8,487.75,25.04,Cliente_86,0.97
413,2025-08-14,Prod_17,2,180.49,213.86,Cliente_23,1.04
703,2025-08-14,Prod_12,6,64.76,119.69,Cliente_51,1.03
230,2025-08-15,Prod_13,4,301.86,237.04,Cliente_76,0.92
654,2025-08-15,Prod_12,7,455.62,309.52,Cliente_35,1.04
49,2025-08-15,Prod_5,3,83.41,261.16,Cliente_83,0.94
51,2025-08-15,Prod_16,6,378.61,65.0,Cliente_51,0.96
242,2025-08-15,Prod_8,4,227.95,368.31,Cliente_43,0.91
104,2025-08-15,Prod_19,8,321.83,173.74,Cliente_87,0.95
975,2025-08-16,Prod_12,3,274.74,230.66,Cliente_21,1.09
554,2025-08-16,Prod_19,5,311.99,367.03,Cliente_70,0.97
454,2025-08-17,Prod_18,2,112.6,230.65,Cliente_6,0.97
173,2025-08-18,Prod_17,1,102.08,350.08,Cliente_27,0.92
510,2025-08-19,Prod_14,5,381.29,140.86,Cliente_75,0.96
639,2025-08-20,Prod_7,2,425.93,303.17,Cliente_84,0.91
336,2025-08-20,Prod_12,8,149.34,358.92,Cliente_56,0.95
952,2025-08-25,Prod_20,3,222.48,51.03,Cliente_14,0.98
392,2025-08-25,Prod_20,2,169.78,37.09,Cliente_66,1.02
731,2025-08-27,Prod_17,4,246.87,356.05,Cliente_80,1.07
947,2025-08-28,Prod_17,4,318.69,338.26,Cliente_31,1.03
545,2025-08-29,Prod_13,2,143.19,376.82,Cliente_34,1.05
954,2025-08-29,Prod_10,4,177.49,143.81,Cliente_89,0.93
245,2025-08-30,Prod_1,1,269.53,70.4,Cliente_37,1.08
900,2025-08-30,Prod_15,5,325.52,26.99,Cliente_40,0.93
648,2025-08-31,Prod_13,5,413.72,156.17,Cliente_16,0.96
260,2025-09-01,Prod_9,1,491.05,164.07,Cliente_6,0.95
46,2025-09-02,Prod_12,4,305.23,298.32,Cliente_9,1.06
759,2025-09-04,Prod_9,5,170.98,69.59,Cliente_17,1.07
489,2025-09-07,Prod_1,4,106.58,322.48,Cliente_21,1.09
317,2025-09-08,Prod_5,6,213.02,210.6,Cliente_16,1.02
491,2025-09-09,Prod_5,7,488.57,101.89,Cliente_40,1.0
515,2025-09-12,Prod_14,1,444.94,179.06,Cliente_99,1.08
171,2025-09-13,Prod_8,6,275.97,247.91,Cliente_50,0.91
352,2025-09-14,Prod_15,7,497.59,79.12,Cliente_25,1.06
691,2025-09-14,Prod_18,4,243.55,102.44,Cliente_81,0.92
358,2025-09-16,Prod_18,9,81.06,158.93,Cliente_28,1.07
584,2025-09-18,Prod_8,8,153.61,64.43,Cliente_2,0.99
574,2025-09-19,Prod_20,3,414.44,133.57,Cliente_81,0.99
485,2025-09-19,Prod_19,6,389.31,125.82,Cliente_91,1.08
105,2025-09-22,Prod_19,8,458.32,204.05,Cliente_45,1.05
415,2025-09-22,Prod_17,8,103.98,214.9,Cliente_19,0.91
290,2025-09-23,Prod_1,3,369.9,380.52,Cliente_71,1.04
644,2025-09-23,Prod_17,3,70.73,39.68,Cliente_59,1.07
760,2025-09-25,Prod_15,3,332.8,234.86,Cliente_24,1.04
632,2025-09-25,Prod_9,8,154.42,218.96,Cliente_92,0.94
